problem,vehicle,distance
rc2_10_7,18,25059.8731
rc1_6_7,55,16105.68
rc2_4_9,8,4551.111
rc2_4_8,8,4792.6948
rc1_8_5,72,29924.3597
rc2_6_4,11,7065.7173
r2_4_10,8,5786.4016
r1_4_7,36,7617.5485
rc2_8_10,15,14412.3833
rc2_8_2,16,18151.9514
rc2_6_3,11,9440.3922
r2_8_9,15,22307.0974
rc2_10_9,18,22971.1372
r2_8_5,15,24259.3252
rc2_8_4,15,11000.9913
rc2_10_8,18,23649.3902
rc2_8_3,15,14428.6537
r2_8_6,15,20437.364
rc2_6_9,11,9574.9864
r2_10_3,19,24927.9852
rc2_8_8,15,15759.1875
rc2_6_8,11,9994.2058
rc2_8_5,15,19095.8314
rc2_8_6,15,18143.042
r2_10_8,19,17464.5432
rc2_8_7,15,16818.9627
r2_8_10,15,20358.6072
rc2_10_10,18,21885.9098
rc2_10_4,18,15714.6343
rc2_6_10,11,9059.5118
r1_4_2,36,8907.1423
r1_4_5,36,9222.9978
r1_10_6,91,47503.9183
r1_10_9,91,49900.3587
c1_10_9,90,40682.31
r2_4_5,8,7129.03
c1_10_10,90,40031.17
c2_6_9,17,7921.1828
rc1_4_3,36,7533.0537
rc1_4_9,36,7733.813
rc1_8_10,72,28554.0006
rc1_10_10,90,43679.613
rc1_10_5,90,45313.3836
rc1_10_7,90,44604.3358
c1_8_7,77,26486.14
c1_10_8,92,43029.9748
c2_6_3,17,7520.6614
c1_8_2,72,26591.8693
c1_8_3,72,24249.3452
c1_8_3,72,24257.32
r1_4_10,36,8094.1009
c2_4_8,11,4301.7482
r1_10_1,100,53473.2629
r1_10_4,91,42729.13
rc1_4_7,36,7948.5102
rc1_4_6,36,8164.9778
rc1_4_2,36,7892.5242
rc1_4_10,36,7596.0439
r1_8_5,72,33723.7731
c1_8_4,72,23827.02
r2_6_2,11,14779.26
rc2_8_7,15,16843.96
c2_10_2,29,17126.3876
r2_10_4,19,17880.11
r2_10_6,19,30073.6
r2_8_10,15,20401.47
r2_8_8,15,12645.63
c2_2_10,6,1806.5751
rc2_2_3,4,2601.874
r2_4_10,8,5791.7904
rc2_4_1,11,6682.3749
r1_4_1,40,10372.3124
r2_8_6,15,20479.46
r2_6_6,11,12503.26
rc2_4_3,8,4930.8368
rc2_6_10,11,9069.41
c1_6_10,56,13637.3357
r2_6_3,11,11191.01
rc2_10_3,18,20043.04
rc2_10_4,18,15741.56
rc2_8_3,15,14442.4
rc2_6_7,11,10724.85
r2_10_3,19,24938.95
r2_10_7,19,23253.89
rc2_4_9,8,4551.805
c2_8_5,24,11425.2272
rc1_2_4,18,2851.6831
rc2_8_6,15,18146.0323
rc2_10_10,18,21910.33
rc2_8_8,15,15799.03
rc2_4_6,8,5766.6117
rc2_8_10,15,14439.14
rc2_8_2,16,18181.14
r2_8_7,15,16677.31
r1_2_4,18,3057.8108
c2_2_3,6,1775.0754
r1_8_1,80,36852.06
r2_8_2,15,22795.7852
r1_10_1,100,53501.39
r2_4_8,8,4015.5979
rc2_6_8,11,10007.82
r2_10_2,19,33459.32
r2_2_9,4,3092.0381
r2_6_8,11,7574.39
r1_2_8,18,2951.9901
r1_2_1,20,4784.106
r2_4_4,8,4241.468
r2_6_9,11,13377.5592
rc2_4_7,8,5336.58
rc2_2_6,4,2873.1176
rc1_2_9,18,3081.1269
rc2_2_4,4,2038.5574
rc2_6_9,11,9580.87
r2_8_4,15,13206.1
rc2_4_4,8,3631.0055
r2_8_9,15,22335.51
r2_4_1,8,9210.1524
rc2_10_5,18,27140.77
rc2_6_5,11,13000.84
rc1_4_7,36,7953.49
r1_10_3,91,44795.009
r2_10_8,19,17449.4334
r1_8_6,72,30957.1371
rc1_10_10,90,43597.9721
rc1_10_7,90,44480.2908
r2_6_2,11,14754.1295
r1_6_3,54,16917.3072
r1_10_7,91,44101.1758
rc1_10_6,90,44957.9428
rc1_10_5,90,45137.6655
rc1_10_9,90,43984.6163
rc1_10_8,90,44018.2847
rc2_6_6,11,11913.113
r1_8_2,72,32322.855
rc2_10_3,18,19913.4638
rc2_10_8,18,23600.8772
rc1_10_2,90,43792.0877
r1_10_5,91,50542.5223
rc1_10_3,90,42214.8426
r1_8_9,72,32319.0499
r1_6_2,54,18611.77
r1_10_9,91,49244.6367
rc2_10_7,18,25017.9664
rc1_10_6,90,45073.2744
rc1_10_8,90,44031.7452
r1_6_6,54,17864.5876
r1_6_4,54,15770.4967
rc2_10_6,18,26748.841
r1_4_2,36,8910.5372
r1_4_5,36,9225.9912
r1_4_3,36,7814.6083
c2_8_9,23,11592.523
c1_8_8,73,26684.0235
rc1_8_5,72,29943.7804
rc1_4_5,36,8172.643
r2_4_10,8,5791.7014
c1_10_7,97,44806.73
r2_8_6,15,20463.1837
rc2_10_5,18,27103.6976
r2_10_6,19,30060.0506
r2_10_7,19,23234.87
rc1_4_5,36,8178.1172
rc1_6_1,55,17014.1662
rc1_4_8,36,7772.5681
rc1_10_6,90,45110.0086
rc1_10_7,90,44686.61
rc1_10_3,90,42360.0
rc1_10_5,90,45344.7
rc1_10_2,90,43972.87
rc1_10_8,90,44075.6203
rc1_10_10,90,43771.95
rc1_10_9,90,44069.5657
rc1_10_1,90,46138.0068
rc1_10_4,90,41526.86
rc1_8_2,72,28801.8918
r1_10_5,91,50616.7288
r2_8_4,15,13196.745
rc1_6_7,55,16077.1157
r1_4_8,36,7257.2836
r1_8_6,72,30967.8578
c2_8_6,23,12381.0613
c2_6_3,17,7517.1407
rc1_8_1,72,31117.0384
rc1_8_10,72,28474.3506
c1_6_4,56,13558.5371
rc2_10_1,20,30276.7385
rc2_8_2,16,18170.1315
rc2_10_7,18,25059.7623
r2_8_8,15,12642.674
c2_4_7,12,3894.1579
r1_4_9,36,8717.26
rc1_4_1,36,8573.9647
c2_4_1,12,4116.1389
c2_6_1,18,7774.1558
rc2_2_10,4,2015.6123
rc1_4_3,36,7537.47
rc1_4_4,36,7308.5549
c1_2_10,18,2643.5534
c1_4_5,40,7152.0566
rc1_4_10,36,7601.2
rc1_4_5,36,8182.04
c1_4_1,40,7152.0566
c2_6_6,18,7471.1704
r1_4_6,36,8372.9052
c2_4_2,12,3930.0478
r2_2_4,4,1981.3048
r1_10_9,91,49659.488
r1_10_7,91,44187.5752
r1_10_4,91,42644.6603
r1_4_8,36,7263.07
r1_8_5,72,33553.7468
r2_6_4,11,8008.135
rc1_10_1,90,45924.196
r2_8_7,15,16598.5202
r1_10_4,91,42528.1856
r1_8_10,72,30983.2381
rc2_8_5,15,19074.9101
rc1_10_7,90,44467.373
rc1_8_7,72,29068.6988
rc2_6_10,11,9059.1729
r1_10_2,91,48509.2603
rc1_10_9,90,43958.4251
rc1_8_9,72,28629.3379
c1_8_2,72,26540.5292
r1_10_5,91,50518.1057
rc2_10_5,18,27074.6006
r1_10_10,91,47481.9443
r2_8_6,15,20416.9192
rc2_10_4,18,15693.2788
rc1_8_6,72,29553.1865
c1_10_4,90,39468.5974
r2_10_7,19,23240.5618
r1_8_6,72,30994.6938
r1_8_7,72,28898.8946
r1_8_8,72,27687.828
c1_10_10,90,39857.0132
r1_10_3,91,45098.0934
r1_10_6,91,47474.3543
c1_10_7,97,43395.8804
c2_8_2,23,12285.3147
r1_6_1,59,21402.5261
rc1_8_3,72,27677.0955
r2_4_10,8,5779.0301
rc2_10_6,18,26741.4417
rc2_8_7,15,16817.4592
rc2_8_3,15,14427.3928
r2_10_9,19,32996.2375
rc2_6_4,11,7073.6
r2_8_9,15,22300.8644
rc2_10_9,18,22968.5058
rc2_10_6,18,26741.2658
rc2_6_8,11,9994.0971
rc2_6_10,11,9059.3896
rc2_6_7,11,10721.0578
rc2_10_4,18,15714.6166
rc2_10_7,18,25058.0453
rc2_10_5,18,27103.237
r2_10_8,19,17464.4983
rc2_6_4,11,7064.8919
rc1_4_9,36,8317.05
rc2_8_8,15,16947.24
rc2_10_7,18,27954.23
rc2_2_6,4,3138.02
r1_4_9,36,9078.99
r2_6_8,11,8473.53
r1_6_4,54,16854.8
rc1_4_10,36,7899.18
r1_10_10,91,59813.39
rc2_8_9,15,16811.0
r1_4_5,36,9722.66
c1_2_5,20,2702.0488
rc2_10_5,18,29560.06
rc1_8_3,72,35577.87
c1_6_2,56,14332.05
rc2_8_2,17,18672.43
r2_8_4,15,14423.95
rc1_8_2,72,39696.2
c1_2_1,20,2704.5678
c1_4_3,36,7291.45
r1_10_3,91,50610.36
rc1_6_10,55,16791.6
rc2_4_3,8,5298.85
rc1_4_1,36,9432.62
rc1_4_4,36,7711.69
rc2_4_2,10,5945.68
rc1_10_7,90,50995.0
r2_8_3,15,19146.48
r1_8_4,72,29481.7
r1_6_2,54,21720.35
rc1_6_8,55,17364.5
rc2_6_10,11,9927.76
r2_2_3,4,2972.04
r1_10_9,91,61862.4
rc1_10_5,90,52780.36
r1_8_7,72,30737.79
r2_4_1,8,9403.89
rc2_10_3,18,22680.56
c2_4_2,12,3934.73
c2_10_8,29,18662.1
r2_8_10,15,21977.85
r2_2_4,4,2020.95
c1_6_8,57,14976.88
c2_8_2,24,11449.65
c2_4_4,12,3831.58
r2_4_2,8,7811.05
c2_6_7,18,7761.43
rc1_8_6,73,31579.5
c2_8_7,24,11791.88
rc1_4_7,36,8572.14
rc2_2_10,4,2034.94
r2_8_1,15,29383.35
c2_10_7,31,17662.34
c2_2_9,6,1834.0
rc2_8_10,15,15792.31
c2_4_1,12,4116.14
rc1_6_3,55,16008.7
rc1_10_9,90,48188.24
c1_8_6,80,25160.9
r2_2_8,4,1851.65
c1_4_9,36,8200.65
rc1_6_6,55,17812.9
r1_6_3,54,18812.8
r1_2_6,18,3634.81
r1_4_8,36,7517.22
r2_6_9,11,14416.87
r1_10_5,91,70838.01
c2_6_4,17,7668.05
c2_6_8,18,7483.18
c2_8_3,23,12374.07
c2_2_7,6,1849.4563
rc1_10_6,90,51296.2
r2_2_2,4,3691.67
r1_10_8,91,46554.8
c2_2_10,6,1808.72
c2_8_6,24,11418.93
c2_6_10,17,8024.43
c2_8_9,24,11736.54
c1_4_2,37,7435.84
r2_6_3,11,12216.49
r1_10_6,91,54952.03
c1_4_1,40,7152.06
r2_10_10,19,32622.36
c2_2_1,6,1931.4425
rc2_4_8,8,5093.18
rc1_8_7,72,43829.43
r2_10_6,19,32167.55
c1_4_8,38,7282.85
r1_2_9,18,3874.04
rc2_2_3,4,2637.41
r1_2_8,18,2999.35
r2_4_6,8,6383.54
r2_6_10,11,13105.21
r2_6_6,11,13164.53
c1_10_6,100,42471.3
c1_4_10,36,7168.62
c2_8_4,23,11938.45
rc2_2_9,4,2210.41
r1_8_5,72,36139.4
r2_6_2,11,15412.26
r1_10_1,100,54724.64
c1_10_2,92,42920.7
c2_6_9,18,7380.21
c1_2_6,20,2701.0354
c2_2_2,6,1863.1556
rc1_2_2,18,3382.34
rc1_8_5,73,31484.0
r2_8_5,15,25645.41
rc2_4_9,8,4745.35
rc2_6_9,11,10598.17
r2_2_1,4,4502.17
c1_4_7,39,8043.18
c1_10_8,96,42564.8
r2_8_9,15,23797.45
rc2_6_4,11,8016.95
rc1_2_10,18,3083.21
r2_4_10,8,6094.22
rc1_2_8,18,3151.62
r2_10_5,19,37681.39
r1_8_6,72,32975.7
r1_8_10,72,33443.48
r1_6_8,54,16488.1
rc2_8_4,15,12314.59
c1_10_7,99,42711.39
rc2_10_2,19,28071.59
c2_4_5,12,3941.05
r2_6_1,11,18833.86
c1_2_9,18,2716.42
rc2_8_5,16,19639.76
r2_8_8,15,14030.42
rc2_6_6,12,12250.82
c2_6_6,18,7500.99
r1_10_4,91,47060.67
c2_8_10,23,12236.32
rc2_6_3,11,10466.72
rc1_6_7,55,17444.3
r2_10_3,19,27165.3
c2_4_9,12,3924.39
c2_6_5,18,7578.67
r2_4_7,8,5378.69
r1_6_1,59,21875.04
c1_8_10,72,29536.81
rc1_6_2,55,16963.2
r1_2_2,18,4089.57
c1_2_7,20,2701.0354
rc2_10_1,22,31457.37
rc2_2_4,4,2084.89
r1_4_1,40,11084.0
r2_8_7,15,18030.14
c2_10_5,30,16586.46
c2_6_1,18,7776.16
rc2_4_10,8,4418.64
rc1_10_4,90,44072.32
c1_4_5,40,7152.06
c2_4_10,12,3729.84
rc1_2_4,18,2939.02
r1_4_7,36,8026.8
c2_2_4,6,1742.0
r2_4_3,8,6230.11
r1_4_2,36,9308.53
r1_2_10,18,3349.06
c2_10_3,29,17807.78
rc1_4_3,36,7800.79
c2_4_8,12,3803.17
c1_8_2,75,25518.17
rc2_10_6,18,29044.12
c1_10_1,100,42478.9516
c1_2_8,19,2781.09
r2_6_7,11,10697.64
c2_2_3,6,1777.57
r1_10_2,91,56367.45
c1_6_3,56,14305.27
c2_8_1,24,11677.72
rc1_2_9,18,3181.94
c1_8_5,80,25166.3
r2_10_8,19,19431.42
r1_8_8,72,29129.52
r1_6_9,54,20878.39
r1_4_6,36,8594.27
r2_4_5,8,7416.89
c1_10_5,100,42469.2
rc2_8_3,15,15711.84
rc2_2_7,4,2550.58
rc2_4_1,11,7019.89
c2_2_5,6,1878.8463
rc2_6_8,11,11108.08
r1_4_3,36,8119.22
rc1_8_10,72,41182.44
rc2_6_2,12,12071.4
r2_10_1,19,43975.28
r2_2_7,4,2532.95
rc2_8_1,20,20869.21
rc1_8_8,72,43694.6
rc1_10_10,90,47469.1
r1_2_1,20,5024.65
r2_10_2,19,35901.41
rc2_6_5,13,12304.05
c1_6_9,56,14180.6
rc1_8_4,72,32654.1
c1_4_4,36,6952.89
r1_10_7,91,50040.5
rc2_6_1,15,13275.93
c1_8_3,72,25438.6
r1_2_7,18,3175.75
rc1_4_8,36,8295.64
rc1_10_3,90,45461.02
rc2_4_5,9,6292.63
r2_2_10,4,2709.33
rc2_10_4,18,17971.2
rc2_8_7,15,18070.18
c1_6_5,60,14085.7202
rc2_8_6,15,19807.15
c2_10_2,29,18312.76
c2_10_10,29,16555.24
c1_2_2,18,2917.892
r1_8_3,72,31534.8
c1_8_7,79,25518.85
rc1_6_1,55,19610.49
r2_8_2,15,23942.54
c1_2_4,18,2651.98
r2_6_5,11,15861.48
r1_6_6,54,20291.1
rc1_10_2,90,48146.09
r2_4_8,8,4287.17
rc1_2_3,18,3066.08
c1_10_9,91,45386.93
r1_2_5,18,4173.93
r1_4_10,36,8554.75
r1_2_4,18,3096.91
r1_8_2,72,34610.9
c2_2_6,6,1857.3535
c2_10_6,30,16473.14
r1_6_5,54,25901.77
rc1_4_2,36,8294.59
c1_6_1,60,14095.6438
rc1_10_1,90,51529.12
rc1_6_9,55,16815.9
c1_8_1,80,25184.3826
rc1_6_5,55,18021.0
rc2_10_10,18,24374.95
rc2_4_7,8,5727.01
c2_6_3,17,8371.07
rc2_2_2,5,2873.11
rc1_8_9,72,41816.7
c1_6_6,60,14089.7
r1_8_1,80,39612.2
c2_10_1,30,16879.2419
c1_10_4,90,41052.19
r2_2_6,4,2959.14
c2_4_3,12,3844.14
rc1_2_6,18,3465.55
c1_10_3,90,42571.6
r2_10_9,19,35197.73
r2_6_4,11,8896.13
rc2_2_5,4,3087.98
c2_8_5,24,11454.85
c1_6_10,56,14552.2
c2_2_8,6,1822.65
rc1_2_1,18,3748.24
r1_8_9,72,34824.7
rc1_6_4,55,15455.0
c1_8_4,72,25076.7
c1_4_6,40,7153.4548
c1_8_8,76,25437.0
rc2_10_9,18,25289.27
c1_8_9,73,25655.6
r2_10_4,19,20049.26
r2_10_7,19,25339.69
c2_10_9,30,16984.6
c1_6_4,56,13929.65
r2_2_5,4,3415.44
rc2_4_6,8,6054.21
rc1_4_6,36,8705.25
c1_6_7,59,14659.74
c2_10_4,29,17447.09
rc1_10_8,90,48380.5
rc1_2_5,18,3489.6
c2_4_6,12,3877.65
r2_2_9,4,3115.6
c1_10_10,90,47277.0
r2_8_6,15,21720.99
c1_2_3,18,2719.62
rc2_10_8,18,26158.82
rc1_4_5,36,8805.42
c2_8_8,24,11413.35
rc1_8_1,73,32003.5
rc1_2_7,18,3292.33
r1_6_7,54,18570.23
r2_4_4,8,4515.45
c1_2_10,18,2670.63
r2_4_9,8,6711.32
c2_4_7,12,3910.61
r1_2_3,18,3446.2
rc2_6_7,11,11849.83
rc2_4_4,8,3769.8
r1_4_4,36,7633.72
rc2_2_1,6,3136.85
rc2_2_8,4,2341.34
c2_6_2,18,7512.35
r1_6_10,54,19894.14
rc1_6_8,55,16133.27
r1_6_5,54,20015.83
rc1_10_6,90,45607.84
r1_4_8,36,7288.95
r1_10_9,91,50827.53
r1_6_8,54,15716.15
r1_10_4,91,42787.19
rc1_6_5,55,16703.76
rc1_4_4,36,7320.34
rc1_10_8,90,44617.34
r1_10_8,91,42485.38
r1_8_8,72,27872.1
r1_6_6,54,18146.79
rc1_10_3,90,42523.22
r1_10_10,91,48294.71
rc1_4_8,36,7773.1139
r1_4_3,36,7826.71
r1_4_6,36,8373.71
rc1_4_1,36,8609.59
r1_10_3,91,45276.38
r1_8_7,72,29136.58
rc1_6_2,55,16086.48
r1_6_9,54,18978.8
r1_4_10,36,8119.88
r1_4_7,36,7645.88
r1_10_6,91,47923.43
rc1_10_2,90,44511.69
r1_10_5,91,51830.36
r1_10_2,91,49224.52
rc1_10_7,90,45332.96
rc1_10_4,90,41700.7
r1_10_7,91,44435.5
rc1_6_4,55,14862.65
r1_6_3,54,17116.66
r1_4_9,36,8742.41
r1_6_4,54,15866.88
r1_8_10,72,31344.5
r1_6_7,54,16684.46
r1_4_3,36,7816.6648
r1_4_7,36,7616.1532
r1_4_6,36,8358.6859
c2_8_9,23,11593.6089
c1_10_8,93,42149.58
c1_10_3,90,40101.3564
rc2_10_7,18,25031.8318
rc2_6_5,11,12919.64
rc1_8_3,72,27588.4119
r1_8_4,72,27795.7939
r1_6_10,54,17621.89
r1_8_10,72,30984.437
rc2_10_1,20,30276.271
c2_6_3,17,7506.62
r2_6_4,11,8010.3322
rc1_8_9,72,28643.588
rc1_6_1,55,16983.2106
r1_8_8,72,27674.502
r1_8_1,80,36769.5051
rc1_10_1,90,45933.1007
rc1_10_3,90,42242.0339
r1_8_7,72,28862.4933
rc1_10_10,90,43598.452
rc2_10_3,18,19914.3124
r1_6_3,54,16920.5139
r1_6_2,54,18617.0247
rc1_8_2,72,28571.3825
c2_10_4,28,15607.478
c1_8_8,73,26121.6403
r1_6_7,54,16531.5998
rc1_10_5,90,45137.9845
rc2_6_3,11,9438.5203
r1_10_6,91,47055.3864
c2_6_2,17,8258.1965
rc1_8_7,72,29083.7109
r2_10_8,19,17453.1526
rc1_10_7,90,44569.7024
rc1_8_5,72,29670.2629
r1_10_7,91,44113.583
c2_8_4,22,11007.8287
rc1_8_1,72,30658.0865
r1_10_8,91,42362.5613
rc1_10_9,90,43992.3827
r1_10_9,91,49334.5823
r1_10_10,91,47492.3313
r1_6_4,54,15752.4161
r1_6_5,54,19400.904
rc1_10_6,90,44987.2664
r2_10_6,19,29998.4426
r1_8_2,72,32332.0112
rc1_8_4,72,26686.9731
r1_8_9,72,32336.1569
r1_10_4,91,42529.2754
r1_10_3,91,44815.0139
r1_8_6,72,30958.8334
c2_10_3,28,16829.4747
rc2_10_9,18,22945.5575
r1_6_9,54,18554.5513
rc1_10_8,90,44021.5604
r2_6_2,11,14760.2521
rc2_10_8,18,23609.7423
r1_8_5,72,33567.7699
rc1_10_2,90,43832.0315
rc1_8_6,72,29555.3766
r1_6_6,54,17802.7302
c1_10_7,97,43372.0314
r1_10_2,91,48511.2069
c1_8_6,79,26911.9422
rc2_10_4,18,15693.759
rc1_10_4,90,41436.9712
r1_10_5,91,50547.1087
rc2_6_4,11,7057.9401
r1_6_1,59,21397.5202
c1_8_9,72,24300.2069
r2_6_4,11,8018.5862
rc2_8_7,15,16841.1231
rc1_6_10,55,15719.46
r2_10_4,19,17853.7723
rc1_10_2,90,43788.7497
rc1_10_7,90,44468.8843
r2_8_6,15,20421.7267
rc1_8_5,72,29609.5805
r1_6_8,54,15618.2484
rc1_8_1,72,30651.9589
r1_10_4,91,42528.893
r1_10_9,91,49240.7785
r1_8_8,72,27671.2105
r1_10_3,91,44792.3322
r1_6_5,54,19400.8595
r2_6_4,11,8010.1289
rc1_10_3,90,42205.0359
rc1_10_5,90,45135.6623
rc1_8_9,72,28629.6535
r1_10_7,91,44098.7973
rc1_10_4,90,41429.2538
rc1_8_7,72,29069.7875
r2_10_6,19,29998.3776
r1_10_5,91,50523.4219
rc1_10_6,90,44956.5937
rc1_10_9,90,43960.0143
rc1_10_4,90,41397.8107
c1_10_9,90,40323.9946
rc1_10_7,90,44457.7866
c1_10_8,92,42652.6498
r1_10_1,100,53412.1129
r1_10_7,91,44040.9154
r2_2_8,4,1849.8692
c2_4_6,12,3875.9387
c1_10_9,90,40353.5153
rc1_10_4,90,41507.2691
rc1_10_2,90,43971.1292
rc1_10_3,90,42347.8256
r2_6_2,11,14772.3753
rc1_6_4,55,14777.1897
c2_4_10,11,3825.6735
rc2_10_4,18,15733.251
c1_2_9,18,2687.8273
rc2_8_9,15,15352.8215
r2_8_7,15,16631.7695
rc1_8_10,72,28609.8126
rc1_6_7,55,16105.3601
rc1_8_4,72,26774.9271
r2_4_5,8,7128.9257
c1_10_9,90,40546.6
r1_4_3,36,7819.0897
c1_6_6,59,15905.66
c1_10_10,90,39923.41
rc2_10_3,18,19911.483
rc2_10_7,18,24999.6553
r1_8_10,72,30952.7654
rc1_8_4,72,26663.4533
rc1_10_10,90,43573.9524
r1_10_10,91,47409.8285
rc1_10_8,90,43956.9138
c1_10_8,92,42629.9122
rc1_6_4,55,14811.21
r1_6_5,54,19443.5612
r1_10_10,91,47623.0444
r1_8_2,72,32485.8126
rc2_10_5,18,27104.7965
r1_10_9,91,49998.0
r1_10_6,91,47636.1
r1_10_2,91,49085.3
r1_10_5,91,51138.27
r1_10_10,91,48131.27
r1_10_3,91,45151.68
c1_10_5,100,42469.1758
c2_2_8,6,1820.5343
c1_8_5,80,25166.2784
c2_2_9,6,1830.05
c1_4_4,36,6816.17
rc1_8_1,72,30907.2653
rc2_10_10,18,21886.4638
r1_10_3,91,44935.7999
r1_10_6,91,47374.1526
r1_10_10,91,47452.5786
r1_8_2,72,32528.1692
r1_4_7,36,7619.0447
rc2_10_8,18,23709.2884
r2_10_5,19,36232.1793
r2_10_8,19,17495.5148
r2_10_10,19,30215.2386
rc2_10_7,18,25112.7718
c1_10_2,90,42278.45
c2_10_9,29,16370.4366
rc2_10_6,18,26797.7559
r2_10_1,19,42188.8581
r2_10_9,19,33002.361
rc2_10_9,18,23061.901
r1_8_10,72,31031.2729
rc1_6_1,55,17031.33
rc1_6_3,55,15236.75
r1_8_8,72,27706.0916
r1_4_3,36,7808.3404
c2_8_2,23,12286.0544
r1_8_1,80,36844.7839
r1_4_2,36,8910.0927
r1_6_6,54,17871.2852
r1_6_10,54,17748.8335
r1_6_4,54,15772.6426
r1_6_5,54,19588.8906
r1_6_8,54,15636.7529
r1_6_9,54,18669.7511
r1_6_7,54,16555.9231
r1_6_3,54,16956.433
r1_6_2,54,18750.2995
r1_10_10,91,47416.8925
r2_10_7,19,23219.6085
r1_6_7,54,16523.9329
r1_8_4,72,27771.8775
rc1_10_8,90,43992.2544
rc1_8_4,72,26676.7431
r2_10_6,19,29978.0155
rc1_8_1,72,30464.6542
r1_10_6,91,46974.4495
r1_8_5,72,33663.612
rc2_6_9,11,9576.0955
r1_6_2,54,18585.0022
r1_8_5,72,33529.0758
c1_8_6,79,26873.8593
rc2_6_5,11,12909.0745
r1_8_1,80,36767.9236
rc2_10_9,18,22919.415
rc2_6_7,11,10711.8521
c1_8_7,77,26464.9111
r1_8_2,72,32313.1695
c2_10_9,28,17809.3374
r1_6_6,54,17790.9719
r1_4_5,36,9222.9633
rc2_4_5,8,6706.4414
c2_8_7,23,13427.1194
rc1_8_10,72,28331.1557
r1_10_6,91,46966.4714
rc1_10_6,90,44942.2653
rc1_6_10,55,15675.53
rc1_10_3,90,42156.0745
r1_8_6,72,30906.9045
r1_10_8,91,42291.741
r1_6_3,54,16900.6651
c1_10_7,97,43368.7945
c1_6_8,56,14385.7991
rc2_4_8,8,4790.142
r1_8_7,72,28823.7589
r1_6_4,54,15748.0681
c1_10_9,90,40322.3676
r1_6_5,54,19381.5165
r1_10_10,91,47407.1563
r1_8_3,72,29338.968
rc1_10_9,90,43897.2132
r1_10_2,91,48261.0372
rc1_10_10,90,43563.8236
rc1_10_4,90,41394.949
rc1_8_3,72,27528.1571
rc1_6_6,55,16496.8777
c2_8_4,22,10990.6415
r1_8_9,72,32293.4606
c1_6_7,57,15731.1989
r1_10_7,91,43978.6888
rc1_8_7,72,28979.6001
r1_8_4,72,27769.1909
r1_8_8,72,27643.3782
r1_10_3,91,44720.8753
r2_4_10,8,5773.1684
rc2_8_9,15,15325.2461
rc1_6_5,55,16559.7818
r1_10_4,91,42463.7404
r1_10_1,100,53380.1787
r1_6_7,54,16522.522
rc1_4_1,36,8571.3153
r2_10_4,19,17851.9586
rc1_10_6,90,44944.9478
r1_10_10,91,47414.3778
rc1_10_8,90,43985.9863
c1_8_10,72,24070.1673
rc1_8_6,72,29458.384
rc1_8_2,72,28517.5194
r1_6_2,54,18605.8562
r1_6_1,59,21394.9478
r1_10_8,91,42326.0895
rc1_6_5,55,16562.4048
r1_10_3,91,44747.4407
c1_6_6,59,15832.6825
rc1_10_1,90,45888.1446
r1_8_3,72,29342.528
r1_8_5,72,33529.7346
rc1_8_8,72,28607.5057
rc1_10_2,90,43718.8449
r1_6_10,54,17610.1191
rc1_8_3,72,27559.2457
r1_10_5,91,50471.8542
rc1_8_9,72,28555.5315
r1_10_2,91,48325.1695
rc1_10_5,90,45096.7096
rc1_8_7,72,29034.8549
r1_10_7,91,44041.0206
rc2_6_10,11,9058.9003
r1_6_3,54,16913.6595
rc1_8_5,72,29523.6624
rc1_10_3,90,42163.4594
r2_10_4,19,17853.6368
c2_4_8,11,4233.2019
r1_6_8,54,15610.0011
c2_8_4,22,10990.8929
r1_6_7,54,16527.6503
r1_6_5,54,19385.6448
rc1_10_9,90,43899.4491
rc1_10_10,90,43579.3075
rc1_10_6,90,44946.9269
c1_6_2,56,14163.3075
c1_8_3,72,24366.83
rc1_6_3,55,15358.13
c1_4_2,36,7687.38
r1_2_8,18,2952.65
rc1_4_2,36,7958.67
r1_4_4,36,7318.62
c2_2_4,6,1703.4288
c1_8_8,74,25370.02
rc1_4_3,36,7562.6
r2_2_6,4,2913.0326
rc1_2_1,18,3602.8039
r1_2_9,18,3760.5836
r1_4_2,36,8955.5
r1_4_5,36,9242.43
rc1_4_5,36,8249.63
r1_2_6,18,3583.1397
c1_4_3,36,7060.73
r1_2_5,18,4107.8595
rc1_2_6,18,3324.8048
rc2_2_2,5,2825.2442
rc1_2_8,18,3083.933
c1_10_8,93,42499.59
c1_4_7,39,7417.9165
c1_8_9,72,24326.514
r1_10_10,91,47688.5959
r1_10_7,91,44299.6847
r2_6_6,11,12499.2344
r1_10_1,100,53435.9813
rc1_6_9,55,15891.18
c1_10_10,90,39852.4426
r1_10_8,91,42410.6131
rc1_8_4,72,26762.0836
r1_10_2,91,48801.866
r1_10_3,91,45137.2124
c1_10_10,90,40215.26
r1_8_2,72,32942.77
rc1_10_1,90,45830.6235
rc1_8_4,72,26675.4479
rc1_10_10,90,43576.0993
rc2_10_3,18,19996.1748
r1_8_8,72,27722.4371
rc2_10_2,18,26194.5349
r1_4_7,36,7616.8532
rc1_8_5,72,29796.6722
r1_4_3,36,7818.201
r1_4_2,36,8911.8837
c1_10_7,97,43453.9222
rc2_8_5,15,19092.6913
r2_6_6,11,12499.0025
rc2_6_3,11,9438.9451
rc2_10_2,18,26114.6535
r2_8_6,15,20424.1499
rc1_8_6,72,29729.0593
r2_10_5,19,36230.7899
c2_8_4,22,11152.9656
r2_8_9,15,22293.1368
r2_6_5,11,15081.3886
c2_10_10,28,15940.7391
c2_6_9,17,7911.6091
c2_10_3,28,16877.388
rc2_8_9,15,15333.5861
r2_10_3,19,24927.8475
c2_6_2,17,8261.3685
r2_8_7,15,16631.7088
rc2_10_5,18,27102.5508
r2_10_2,19,33413.0515
c2_10_4,28,15652.2268
rc2_10_9,18,22968.3434
c2_10_9,29,16364.4094
rc2_6_7,11,10714.8669
rc2_10_8,18,23638.9906
c2_10_7,29,17810.6836
r2_10_6,19,30027.9231
r1_8_5,72,33645.7534
r2_10_9,19,32995.7087
rc2_6_6,11,11915.2462
r2_6_1,11,18205.5834
rc1_10_2,90,43904.3595
r2_6_2,11,14768.5062
r1_10_6,91,47080.8732
rc2_10_3,18,19925.6089
rc2_10_10,18,21859.8868
rc1_8_7,72,29040.4964
rc1_8_3,72,27570.8697
rc2_8_5,15,19074.0238
r1_8_10,72,30983.0245
r1_10_2,91,48341.0306
r1_8_5,72,33533.0191
rc1_10_10,90,43582.0846
rc1_8_1,72,30481.5731
rc1_10_6,90,44955.928
rc1_8_5,72,29565.2142
rc1_10_3,90,42175.3858
r2_8_6,15,20412.0181
rc1_10_4,90,41408.9228
rc1_10_7,90,44466.702
rc2_10_9,18,22943.423
r1_10_4,91,42518.3819
rc1_10_1,90,45895.8395
r1_8_3,72,29350.8464
rc1_10_8,90,43995.0752
r1_8_6,72,30925.2558
rc1_10_5,90,45098.5842
rc1_8_2,72,28533.7028
rc1_8_9,72,28582.4802
r1_10_7,91,44059.5547
r1_10_5,91,50480.0842
r1_6_3,54,16914.2985
rc1_10_9,90,43903.5017
rc1_10_2,90,43728.9799
c2_8_4,22,11006.8218
rc2_10_8,18,23595.327
r1_10_8,91,42333.3999
r1_8_8,72,27652.6962
rc2_10_10,18,21846.0503
rc1_8_8,72,28664.4137
r1_10_9,91,49208.0979
rc1_8_6,72,29549.7135
r1_10_10,91,47471.0293
r2_8_7,15,16597.8654
r2_10_1,19,42182.5714
r2_10_4,19,17853.7488
r1_10_3,91,44779.2321
rc2_8_9,15,15334.9821
rc2_8_10,15,14433.3969
r1_10_4,91,42697.3
rc1_8_3,72,27905.64
c2_10_9,29,16432.53
rc2_8_4,15,11006.5562
c1_6_9,56,13693.4219
rc1_8_4,72,26875.91
rc2_6_3,11,9444.9912
c1_8_10,72,24090.1
c2_10_5,30,16561.2859
c2_8_8,23,11292.1
r1_6_5,54,19771.9
r2_6_1,11,18206.7971
rc1_10_7,90,44903.8
r1_4_9,36,8719.19
r1_10_2,91,49105.21
rc1_6_1,55,17118.7
c2_10_4,28,15656.7576
c1_4_3,36,7060.6663
r1_8_8,72,27766.11
rc1_6_5,55,16693.26
r2_6_4,11,8029.37
rc1_4_9,36,7752.77
rc1_10_8,90,44366.01
rc1_10_6,90,45303.67
r1_2_2,18,4040.6018
c1_10_2,90,42300.76
c1_8_3,72,24278.18
rc1_8_9,72,28978.35
rc1_4_7,36,7957.64
rc1_2_10,18,3000.2961
r1_4_2,36,8926.7
r1_8_10,72,31187.35
c2_10_10,28,15944.72
c2_6_4,17,6911.35
rc1_4_6,36,8177.8
rc1_4_2,36,7905.66
rc1_4_3,36,7540.59
r1_4_3,36,7821.95
rc1_8_7,72,29862.44
rc1_8_8,72,29194.16
c2_4_4,11,3702.4927
c1_4_9,36,7043.74
r1_6_2,54,18863.43
c1_4_2,36,7686.3789
r1_6_4,54,15819.62
rc1_6_10,55,15740.26
rc1_10_1,90,46272.07
rc2_6_4,11,7076.49
c1_10_8,93,42220.24
r1_4_4,36,7282.7849
c2_4_8,11,4303.69
c2_8_9,23,11645.22
c1_8_8,74,25293.09
r1_6_6,54,18041.87
rc1_6_9,55,15922.6
r1_8_9,72,32629.99
rc2_10_7,18,25295.67
r2_10_10,19,30598.69
rc1_10_9,90,44280.84
r2_6_7,11,10066.3362
rc1_6_8,55,15978.7
c1_4_4,36,6803.2445
r1_8_5,72,33861.43
r1_8_3,72,29506.45
rc1_8_1,72,31710.68
rc2_10_8,18,23787.26
rc1_8_5,72,30277.12
r1_8_7,72,29010.78
rc1_10_2,90,44129.42
r1_10_6,91,47849.05
c2_6_10,17,7255.6908
r1_6_8,54,15696.6
rc1_6_2,55,16044.93
c2_6_8,17,7547.67
r1_6_9,54,18708.67
rc1_6_6,55,16632.03
r1_8_2,72,32598.51
rc1_4_4,36,7310.35
c2_4_3,11,4018.0215
rc1_10_4,90,41613.58
r1_4_7,36,7641.22
rc1_6_7,55,16145.64
r1_4_10,36,8113.93
rc1_8_10,72,28797.79
r1_4_8,36,7275.13
rc1_6_3,55,15273.98
r1_10_3,91,45237.29
rc1_8_2,72,29034.99
c2_6_3,17,7523.12
c2_8_10,23,10981.0
rc1_8_6,72,30262.33
rc2_4_10,8,4278.6052
c1_8_9,72,24389.5
c1_10_3,90,40239.23
rc1_10_10,90,43896.78
rc1_10_3,90,42487.54
c2_8_3,23,11410.6862
rc1_4_10,36,7609.21
r1_6_10,54,17801.43
rc1_10_5,90,45564.81
r1_6_7,54,16615.13
rc1_4_5,36,8185.21
r2_4_3,8,5911.0702
c1_6_8,56,14429.48
r1_8_6,72,31154.87
c2_8_4,22,11154.4053
rc1_4_1,36,8576.97
rc1_6_4,55,14839.61
r1_6_3,54,17040.4
r1_10_9,91,50490.49
c2_4_10,11,3827.147
c2_10_8,28,16577.319
rc2_2_8,4,2292.5347
rc2_10_9,18,23116.15
rc2_10_2,18,26327.9232
rc1_6_6,55,16630.25
rc1_6_5,55,16662.35
rc1_4_9,36,7751.63
r1_10_6,91,47832.22
rc1_8_1,72,31601.57
rc1_8_7,72,29783.63
rc1_6_2,55,15980.93
rc1_6_8,55,15963.37
r1_8_9,72,32358.4385
rc2_10_3,18,20010.8275
r1_8_6,72,31037.3031
r1_8_3,72,29414.3529
r1_8_9,72,32386.4854
r1_8_8,72,27730.3297
r1_8_10,72,31036.8478
r1_8_7,72,28913.9911
rc1_8_6,72,29850.7913
rc1_8_9,72,28740.4442
rc1_8_5,72,30013.1646
rc1_8_7,72,29276.5338
r2_10_3,19,24928.901
r2_10_7,19,23219.6717
rc2_10_10,18,21834.9357
r1_8_10,72,30960.2378
rc1_10_6,90,44948.4327
rc1_8_4,72,26680.6914
r2_10_4,19,17852.1671
r2_8_9,15,22277.0415
r1_10_4,91,42485.1351
rc2_10_5,18,27067.0434
c2_8_8,23,11288.0128
c2_6_4,17,6909.5781
r1_6_5,54,19676.04
rc1_8_2,72,28924.31
r1_6_2,54,18765.12
r1_6_10,54,17750.24
rc1_8_9,72,28967.09
rc1_8_3,72,27846.1
rc1_8_4,72,26839.77
rc1_8_5,72,30108.64
r1_6_6,54,17934.52
rc1_8_6,72,30028.68
rc1_8_8,72,29066.54
r1_6_3,54,16983.8
rc1_8_10,72,28723.2
r2_8_7,15,16607.169
rc1_8_2,72,28574.998
r2_6_2,11,14762.6338
r1_10_4,91,42532.4236
c1_6_7,57,15742.7843
rc1_8_4,72,26733.1303
rc2_6_4,11,7061.8381
r1_4_9,36,8694.7805
c2_10_10,28,15937.4475
rc1_4_9,36,7733.3542
r1_6_9,54,18575.9469
r2_10_10,19,30207.4894
r2_10_4,19,17856.0079
r1_6_4,54,15766.0079
r2_10_7,19,23219.7627
rc1_10_2,90,43851.708
r1_10_3,91,44846.8853
rc1_10_7,90,44585.8891
rc1_10_3,90,42261.5478
c2_10_9,29,16363.943
rc2_10_3,18,19917.0353
r1_6_10,54,17629.6171
r1_8_7,72,28868.1692
r1_8_2,72,32397.9315
rc1_6_1,55,16990.1537
c1_6_6,59,15847.2362
r2_8_4,15,13192.3188
r1_8_5,72,33626.3595
r2_8_9,15,22291.4856
rc1_10_6,90,44990.4269
rc1_8_7,72,29096.6686
r2_4_5,8,7127.8344
r1_10_10,91,47527.1121
r1_6_7,54,16532.6408
rc1_8_6,72,29557.1853
rc1_6_5,55,16564.0124
rc1_10_9,90,44031.9654
c1_8_2,72,26554.4446
r1_4_2,36,8898.1482
r2_6_8,11,7571.9905
c2_10_6,29,16863.7061
rc1_6_2,55,15914.7035
rc2_10_9,18,22955.7148
r1_6_6,54,17829.0438
rc1_8_5,72,29707.6891
r1_10_2,91,48591.1718
r2_10_2,19,33411.2098
c2_8_1,24,11662.0794
rc2_6_6,11,11914.3459
c2_10_4,28,15613.3274
rc1_10_10,90,43667.1709
c1_10_2,90,42222.9555
rc2_10_4,18,15695.0702
rc1_8_9,72,28680.2554
c2_10_8,28,16512.4312
rc2_6_7,11,10712.7822
r1_6_2,54,18646.9463
r1_6_8,54,15621.5311
r1_10_9,91,49374.6541
r1_8_3,72,29359.7748
rc1_8_10,72,28427.5006
r2_10_3,19,24916.8843
c1_8_7,77,26480.0734
r1_10_7,91,44122.3661
r1_10_5,91,50574.7262
r1_6_5,54,19428.9539
rc2_10_8,18,23620.0846
r1_8_10,72,30994.4911
c1_10_8,92,42660.6959
r2_6_6,11,12498.2713
c1_8_6,79,27202.4261
r2_10_5,19,36216.0541
c1_8_3,72,24242.4859
c2_10_3,28,16830.0789
rc1_10_8,90,44031.1955
c2_6_2,17,8260.1969
rc1_8_1,72,30687.6192
r1_8_6,72,30965.4176
r1_6_3,54,16922.567
r2_6_4,11,8016.6883
c1_8_8,73,26327.3933
r1_8_9,72,32342.3952
rc1_10_4,90,41437.2182
rc1_8_3,72,27607.7187
rc1_4_1,36,8572.3602
r1_10_8,91,42366.6973
rc2_10_2,18,26104.086
rc2_10_10,18,21853.6168
r1_8_4,72,27813.2182
c2_8_4,22,11010.0804
rc2_8_10,15,14411.8069
rc1_10_1,90,45982.6869
rc2_8_5,15,19089.2805
r2_10_6,19,29998.6157
rc1_8_8,72,28668.3901
r1_10_6,91,47058.2076
rc1_10_5,90,45142.4302
r2_6_5,11,15067.3418
rc2_10_5,18,27074.9841
c2_8_6,23,12235.2993
c2_10_7,29,17622.6357
c1_10_9,90,40341.0611
rc2_6_8,11,9990.4032
r2_8_5,15,24254.999
r1_8_1,80,36802.6109
r2_6_10,11,12202.2813
c2_4_8,11,4239.3958
c1_10_4,90,39468.68
r2_6_8,11,7572.7648
rc1_10_1,90,45855.4175
rc1_8_4,72,26683.1355
r1_6_9,54,18530.959
r1_8_10,72,30971.5882
c1_10_9,90,40327.6156
r1_10_3,91,44722.2234
c2_10_7,29,17602.8449
r1_10_8,91,42321.9956
r2_8_9,15,22289.8983
rc1_6_5,55,16561.9003
rc1_6_1,55,16982.8556
r1_8_7,72,28861.886
r1_10_6,91,46992.5438
r1_8_4,72,27773.0974
r1_6_4,54,15749.7438
r1_10_1,100,53435.3286
r2_10_8,19,17442.2923
c1_8_8,73,26099.737
r1_6_6,54,17801.2978
r1_10_4,91,42498.1692
rc1_8_10,72,28371.3954
rc1_10_5,90,45069.3748
r1_8_9,72,32301.6643
rc1_10_10,90,43576.1141
c1_6_7,57,15927.17
c1_6_8,56,14389.8237
rc2_8_10,15,14434.0958
rc2_10_9,18,23005.8332
c2_4_9,12,3865.6462
r1_6_7,54,16611.86
r1_6_8,54,15650.58
rc2_4_7,8,5334.7155
c1_8_6,79,27202.7042
r1_10_8,91,42452.512
rc2_6_4,11,7065.4353
r1_10_2,91,48596.9895
r1_10_6,91,47182.7854
r1_6_10,54,17731.0579
r1_6_9,54,18637.2352
rc2_6_4,11,7067.7695
r2_8_5,15,24276.3678
r1_8_3,72,29361.5948
rc2_8_5,15,19119.974
c2_4_8,11,4251.1031
r1_10_7,91,44171.7156
rc1_8_2,72,28716.3412
r2_10_2,19,33449.2167
rc1_10_9,90,44066.1562
c1_10_10,90,39858.6374
c1_6_6,59,15847.6138
c1_6_7,57,15752.9542
c1_10_9,90,40360.3305
r2_6_10,11,12230.1275
c2_6_5,18,7575.1966
r2_2_3,4,2880.6188
rc2_2_9,4,2175.0432
c1_2_4,18,2643.3088
c1_2_3,18,2707.3454
r2_2_2,4,3621.2029
c1_4_10,36,6860.63
rc1_2_7,18,3189.3194
rc2_2_1,6,3099.5334
r2_2_1,4,4483.1598
r2_2_7,4,2451.1415
r1_2_10,18,3301.1792
r2_4_2,8,7606.7461
r2_2_5,4,3366.7887
r1_2_7,18,3150.114
rc1_2_3,18,3008.3305
rc2_2_5,4,2911.4619
c2_4_5,12,3938.6918
rc2_2_7,4,2525.826
r2_2_10,4,2654.9672
r1_2_3,18,3381.9568
r1_4_10,36,8107.82
r1_10_3,91,45235.85
rc2_4_8,8,4792.7513
rc1_10_1,90,46075.6869
r1_4_2,36,8923.497
r1_4_5,36,9226.2141
r1_10_4,91,42603.7856
r1_6_2,54,18705.0038
r1_10_9,91,49496.3631
r2_8_3,15,17703.9875
r1_10_5,91,50876.2056
rc2_8_8,15,15790.2079
r2_8_9,15,22326.2093
r1_4_2,36,8908.8729
r2_8_1,15,28112.3572
r1_8_1,80,36822.1554
c1_10_10,90,39857.2987
r2_10_6,19,30070.0904
r2_8_10,15,20373.7875
rc1_8_3,72,27765.4043
c1_8_4,72,23824.1658
r1_6_4,54,15801.04
c1_8_9,72,24342.07
r1_10_8,91,42410.92
r2_6_3,11,11188.6977
rc2_6_7,11,10722.6749
c1_4_9,36,7043.37
c1_10_2,90,42247.0541
c1_10_2,90,42225.7302
c1_8_2,72,27189.16
c1_8_6,79,28665.57
c1_8_7,77,27048.92
c1_10_8,92,44092.74
rc1_4_6,36,8177.46
rc1_8_2,72,30272.08
c2_10_7,29,17882.4193
c2_6_4,17,6924.42
r2_4_5,8,7136.9
r1_8_6,72,31476.28
rc2_6_2,12,11555.5106
c1_6_4,56,13563.3
c1_8_9,72,24653.26
c2_8_3,23,11411.53
rc1_6_1,55,17231.05
rc2_6_4,11,7141.71
rc1_8_1,72,33412.03
c2_10_4,28,15743.88
rc1_6_7,55,16369.3
r2_4_3,8,5911.5
c1_10_2,90,42509.62
r2_6_10,11,12253.4692
c2_6_9,17,7958.26
r2_8_5,15,24285.8868
rc2_10_1,20,30278.4998
c1_6_3,56,13777.812
r1_8_3,72,29910.18
c2_6_8,17,7596.28
c1_8_10,72,24218.37
r2_10_1,19,42219.21
c1_2_8,19,2775.4781
c2_8_10,23,10989.13
rc1_8_9,72,30479.51
r2_10_8,19,17598.63
c2_8_2,23,12286.6489
rc2_4_8,8,4793.06
c2_8_7,24,11370.8433
rc1_8_6,72,31240.49
rc1_8_4,72,27395.14
rc1_8_5,72,31420.09
c1_6_6,59,16345.44
rc2_6_1,14,13324.9342
rc2_6_6,11,11933.8847
rc1_8_8,72,30289.94
rc1_8_7,72,31007.16
c2_8_8,23,11303.24
rc1_6_6,55,16787.63
c2_10_3,28,16884.0775
r2_4_7,8,5018.5317
rc2_10_7,18,25317.29
c2_4_4,11,3720.51
rc1_2_5,18,3371.0008
rc2_10_8,18,24010.0
c2_10_10,28,15988.21
r2_4_6,8,6122.5954
rc2_8_1,18,20981.1447
c2_10_9,29,16442.47
c2_6_7,18,7512.0664
r2_6_1,11,18214.9
c1_10_3,90,40356.18
rc2_10_2,18,26677.87
rc2_4_10,8,4280.79
r1_8_5,72,34051.67
r2_6_5,11,15096.2047
rc1_8_3,72,28404.9
rc1_10_9,90,44882.7
r1_8_9,72,32814.47
c2_4_10,11,3833.9
rc2_8_4,15,11102.47
rc2_8_9,15,15359.9938
rc2_10_6,18,26965.51
rc2_8_5,15,19136.0315
c2_8_6,23,13150.63
rc2_4_2,9,6180.6234
r2_10_10,19,30656.0
r2_10_5,19,36335.72
r2_4_9,8,6400.0954
r2_6_4,11,8042.38
r2_10_9,19,33131.99
rc1_6_9,55,16122.07
rc2_6_3,11,9461.25
c1_6_9,56,13715.48
c2_8_4,23,10850.36
c1_6_8,56,14487.58
c1_6_7,58,14816.55
c2_10_5,30,16561.57
rc2_10_9,18,23341.21
rc1_6_10,55,15897.65
c2_10_6,29,16920.3309
c2_4_3,11,4018.22
c2_6_2,17,8264.9145
rc1_8_10,72,29969.74
c1_8_4,72,23914.01
c2_8_9,23,11726.45
r2_6_7,11,10114.29
rc2_4_5,8,6710.1169
r2_8_1,15,28114.2481
c1_10_6,99,44108.34
c1_10_9,90,41006.16
r1_6_10,54,18179.64
rc1_10_10,90,44391.0
rc1_2_2,18,3249.0548
c2_6_3,17,7528.11
c2_6_10,17,7255.85
c1_4_8,37,7347.2323
r2_6_7,11,10064.5635
c1_6_8,56,14422.48
rc1_8_8,72,28797.3865
c1_6_6,59,16039.29
c2_8_6,23,12551.0872
rc1_2_4,18,2852.62
r2_10_8,19,17485.8012
r2_6_4,11,8017.7417
c2_6_9,17,7941.57
c1_10_6,99,43830.2125
c2_8_9,23,11605.3494
c2_6_8,17,7539.7349
c1_8_2,72,26752.87
c2_10_10,28,15943.338
c2_8_10,23,10977.3573
rc2_8_4,15,10999.0286
rc2_10_8,18,23648.91
rc2_10_10,18,21861.0637
rc2_10_10,18,21860.5685
rc2_8_8,15,15759.1384
r1_6_7,54,16544.6878
rc1_8_3,72,27684.6733
rc2_8_3,15,14431.1115
r2_6_5,11,15089.6252
rc1_6_2,55,15920.7545
r1_4_9,36,8696.8778
rc1_6_3,55,15204.6363
rc1_6_10,55,15675.9868
rc1_6_6,55,16504.2519
rc1_6_8,55,15914.9093
rc1_6_4,55,14777.6719
rc1_6_5,55,16566.2356
rc1_6_9,55,15826.239
r1_8_10,72,30959.9516
r1_6_2,54,18605.3238
r1_10_6,91,46996.3653
r1_10_5,91,50452.8687
r1_10_10,91,47457.5652
r1_6_7,54,16525.7925
r1_10_4,91,42511.5305
rc1_10_1,90,45863.177
r1_8_9,72,32306.1543
r1_10_3,91,44735.4359
rc1_8_10,72,28371.4542
rc1_8_2,72,28511.5494
r1_10_2,91,48307.8087
r1_6_3,54,16908.8659
rc1_8_5,72,29508.274
rc1_8_7,72,29021.5908
c1_4_9,36,7042.5295
r1_6_8,54,15622.782
rc2_10_2,18,26188.4828
c1_10_2,90,42235.0014
